,City,airQualityIndex,dateTime,airQualityDescription,Carbon Monoxide (CO),Nitric oxide (NO),Nitrogen dioxide (NO2),Ozone (O3),Sulfur dioxide (SO2),Particulate Matter (PM2.5),Particulate Matter (PM10),Ammonia (NH3)
0,Kabul,3,2023-09-14 16:41:08,Moderate,2510.07,0.0,28.1,90.84,1.39,26.79,46.74,2.79
1,Yerevan,1,2023-09-14 16:41:08,Good,226.97,0.0,25.36,35.76,1.71,2.36,2.67,4.31
2,Baku City,2,2023-09-14 16:41:08,Fair,226.97,0.0,5.23,70.81,0.59,9.57,29.07,0.33
3,Manama,4,2023-09-14 16:41:09,Poor,287.06,0.0,3.77,171.66,11.56,64.48,169.28,0.0
4,Dhaka,1,2023-09-14 16:41:09,Good,367.17,0.0,10.63,27.18,6.14,9.83,14.97,3.67
5,Thimphu,2,2023-09-14 16:41:10,Fair,340.46,0.0,1.63,36.12,1.31,13.0,16.45,4.18
6,Bandar Seri Begawan,1,2023-09-14 16:41:10,Good,473.98,0.0,8.74,30.4,3.46,6.4,6.61,0.9
7,Phnom Penh,2,2023-09-14 16:41:10,Fair,547.41,0.0,3.04,37.55,1.31,10.31,13.92,1.66
8,Beijing,5,2023-09-14 16:41:11,Very Poor,1842.5,116.23,59.63,0.0,63.9,238.22,300.04,18.24
9,Nicosia,3,2023-09-14 16:41:11,Moderate,210.29,0.0,0.74,108.72,0.5,3.17,3.98,2.57
10,Tbilisi,1,2023-09-14 16:41:12,Good,327.11,0.0,8.14,47.21,0.45,8.62,11.87,6.33
11,New Delhi,5,2023-09-14 16:41:12,Very Poor,5607.61,91.2,75.4,0.0,82.97,339.76,456.24,17.99
12,Special Capital Region of Jakarta,3,2023-09-14 16:41:12,Moderate,427.25,0.0,10.71,118.73,12.76,41.24,56.06,2.25
13,Tehran,4,2023-09-14 16:41:13,Poor,1869.2,296.83,180.96,0.0,148.77,35.88,88.55,8.11
14,Baghdad,3,2023-09-14 16:41:13,Moderate,236.99,0.0,9.34,118.73,6.14,18.82,80.7,0.81
15,Jerusalem,2,2023-09-14 16:41:13,Fair,236.99,0.0,16.62,80.11,2.53,10.94,16.44,1.93
16,Tokyo,3,2023-09-14 16:41:14,Moderate,357.15,21.01,50.04,0.0,16.93,30.97,38.45,0.61
17,Amman,3,2023-09-14 16:41:14,Moderate,205.28,0.0,7.71,117.3,3.61,8.07,13.02,1.65
18,Nur,2,2023-09-14 16:41:14,Fair,233.65,0.01,3.04,78.68,1.31,1.36,2.06,2.19
19,Kuwait City,4,2023-09-14 16:41:15,Poor,260.35,0.0,6.0,153.07,2.47,48.62,185.5,0.93
20,Bishkek,1,2023-09-14 16:41:15,Good,250.34,0.04,14.05,23.6,2.38,6.69,17.76,1.49
21,Vientiane Capital,3,2023-09-14 16:41:15,Moderate,1789.09,13.75,7.97,0.01,3.13,25.69,32.27,5.0
22,Beirut,3,2023-09-14 16:41:16,Moderate,223.64,0.0,0.96,110.15,3.16,5.75,8.26,1.06
23,Kuala Lumpur,5,2023-09-14 16:41:16,Very Poor,6675.72,177.03,59.63,0.0,30.99,100.09,127.62,4.69
24,Mal√©,1,2023-09-14 16:41:17,Good,190.26,0.0,0.79,39.7,0.52,1.83,2.49,0.0
25,Ulaanbaatar,1,2023-09-14 16:41:17,Good,178.58,0.0,3.13,41.84,4.05,1.88,2.06,0.33
26,Nay Pyi Taw,1,2023-09-14 16:41:17,Good,390.53,0.0,2.12,13.23,0.22,5.02,5.8,0.55
27,Kathmandu,4,2023-09-14 16:41:18,Poor,1348.5,0.14,20.56,10.73,3.01,56.68,92.08,4.37
28,Pyongyang,2,2023-09-14 16:41:18,Fair,367.17,0.0,16.79,42.92,34.81,10.8,14.27,0.69
29,Old Muscat,3,2023-09-14 16:41:18,Moderate,220.3,0.0,8.57,55.79,7.63,26.46,87.87,0.0
30,Islamabad,5,2023-09-14 16:41:19,Very Poor,2429.96,0.02,69.23,27.54,7.75,109.6,139.8,18.75
31,Ramallah,2,2023-09-14 16:41:19,Fair,243.66,0.0,13.54,83.69,2.44,10.71,16.65,1.65
32,Manila,2,2023-09-14 16:41:20,Fair,487.33,0.0,16.11,38.62,6.62,11.14,14.45,1.22
33,Doha,4,2023-09-14 16:41:20,Poor,367.17,0.0,50.72,103.0,22.17,54.51,144.11,0.96
34,Riyadh,4,2023-09-14 16:41:20,Poor,283.72,0.0,42.5,81.54,48.64,40.33,122.85,0.62
35,Singapore,2,2023-09-14 16:41:21,Fair,714.3,16.54,28.1,0.08,14.31,13.6,27.51,3.2
36,Seoul,1,2023-09-14 16:41:21,Good,310.42,0.07,31.87,18.95,11.09,6.13,10.17,1.96
37,Colombo,1,2023-09-14 16:41:21,Good,257.02,0.01,4.76,25.03,2.86,1.86,3.75,0.31
38,Damascus,3,2023-09-14 16:41:22,Moderate,210.29,0.0,10.8,124.45,16.69,14.56,25.64,3.1
39,Dushanbe,3,2023-09-14 16:41:22,Moderate,310.42,0.0,10.97,60.08,36.24,20.92,51.07,4.81
40,Bangkok,3,2023-09-14 16:41:22,Moderate,1255.04,25.48,23.65,0.0,19.79,25.4,49.4,8.11
41,Delhi,5,2023-09-14 16:41:23,Very Poor,5607.61,91.2,75.4,0.0,82.97,339.76,456.24,17.99
42,Istanbul,2,2023-09-14 16:41:23,Fair,240.33,0.0,7.45,91.55,7.09,5.16,9.65,1.11
43,Ashgabat,3,2023-09-14 16:41:24,Moderate,370.5,4.41,105.56,1.81,30.04,17.55,73.61,2.28
44,Dubai,5,2023-09-14 16:41:24,Very Poor,343.8,0.0,1.46,200.27,1.94,80.52,126.38,0.0
45,Tashkent,1,2023-09-14 16:41:24,Good,220.3,0.0,16.97,47.92,1.57,5.32,13.46,1.17
46,Hanoi,3,2023-09-14 16:41:25,Moderate,801.09,0.01,18.17,16.99,6.62,27.33,36.3,4.88
47,Sana'a,3,2023-09-14 16:41:25,Moderate,150.2,0.0,1.11,92.98,2.35,18.25,68.94,0.0
